Longitude,Latitude,ScientificName,SiteVisitID,StartDate,EndDate,SiteID,SiteCode,LocalityDetails,LocationPrecision,ProjectID,ProjectName,OrganisationID,OrganisationName,OrganisationAcronym
151.612347,-27.371448,Phascolarctos cinereus,2100335,10/9/2022,10/9/2022,1813697,INCIDENTAL,"road reserve, Jondaryan Sabine Road, Jondaryan SEQ",30,8000,Rod Hobson's incidental records,1,Queensland Parks and Wildlife Service,QPWS
152.058364,-27.268351,Phascolarctos cinereus,2100095,24/11/2022,24/11/2022,1813647,INCIDENTAL,"parkland, cnr. Charles Street and New England Highway (A3), Crows Nest SEQ",50,8000,Rod Hobson's incidental records,1,Queensland Parks and Wildlife Service,QPWS
152.068083,-27.260938,Phascolarctos cinereus,2100137,4/12/2022,4/12/2022,1813725,INCIDENTAL,"Site 3, Dingo Mountain Conservation Area, Crows Nest SEQ",300,8000,Rod Hobson's incidental records,1,Queensland Parks and Wildlife Service,QPWS
151.9364833,-27.46445,Phascolarctos cinereus,2100358,27/9/2022,27/9/2022,1813714,INCIDENTAL,"Peacehaven Park, Highfields SEQ",10,8000,Rod Hobson's incidental records,1,Queensland Parks and Wildlife Service,QPWS
148.235,-25.06222222,Phascolarctos cinereus,2099806,24/9/2022,24/9/2022,1813857,INCIDENTAL,"QPWS Ranger Base, Carnarvon National Park CQ",10,8000,Rod Hobson's incidental records,1,Queensland Parks and Wildlife Service,QPWS
148.2377778,-25.06,Phascolarctos cinereus,2099811,4/4/2022,4/4/2022,1813862,INCIDENTAL,"Carnarvon Gorge Campground, Carnarvon National Park CQ",50,8000,Rod Hobson's incidental records,1,Queensland Parks and Wildlife Service,QPWS
148.2352778,-25.06416667,Phascolarctos cinereus,2099812,9/9/2022,9/9/2022,1813863,INCIDENTAL,"QPWS duplex, Carnarvon Gorge barracks, Carnarvon National Park CQ",10,8000,Rod Hobson's incidental records,1,Queensland Parks and Wildlife Service,QPWS
148.2444444,-25.07194444,Phascolarctos cinereus,2099813,1/10/2022,1/10/2022,1813864,INCIDENTAL,"Mickey Creek carpark, Carnarvon National Park CQ",10,8000,Rod Hobson's incidental records,1,Queensland Parks and Wildlife Service,QPWS
148.1925,-25.07611111,Phascolarctos cinereus,2099814,1/10/2022,1/10/2022,1813865,INCIDENTAL,"uptrack from The Art Gallery, Carnarvon National Park CQ",100,8000,Rod Hobson's incidental records,1,Queensland Parks and Wildlife Service,QPWS
151.15567,-26.74814,Phascolarctos cinereus,2100324,7/8/2022,7/8/2022,1813667,INCIDENTAL,"Jandowae Creek, Jandowae SEQ",300,8000,Rod Hobson's incidental records,1,Queensland Parks and Wildlife Service,QPWS
151.96481,-27.321176,Phascolarctos cinereus,2076636,16/5/2022,16/5/2022,1794957,INCIDENTAL,"Welke Road, Groomsville SEQ",100,8000,Rod Hobson's incidental records,1,Queensland Parks and Wildlife Service,QPWS
151.96481,-27.321176,Phascolarctos cinereus,2076697,13/6/2022,13/6/2022,1794957,INCIDENTAL,"Welke Road, Groomsville SEQ",100,8000,Rod Hobson's incidental records,1,Queensland Parks and Wildlife Service,QPWS
151.951493,-27.358828,Phascolarctos cinereus,2076793,10/7/2022,10/7/2022,1795019,INCIDENTAL,"Groomsville Road, Groomsville SEQ",100,8000,Rod Hobson's incidental records,1,Queensland Parks and Wildlife Service,QPWS
153.20505,-27.73273,Phascolarctos cinereus,2076794,3/7/2022,10/7/2022,1795020,INCIDENTAL,"33 Thoms Crescent, Mount Warren Park, Logan SEQ",50,8000,Rod Hobson's incidental records,1,Queensland Parks and Wildlife Service,QPWS
152.109007,-27.254425,Phascolarctos cinereus,2076552,26/4/2022,26/4/2022,1794917,INCIDENTAL,"camp grounds, Crows Nest Falls Natiuonal Park, Crows Nest SEQ",50,8000,Rod Hobson's incidental records,1,Queensland Parks and Wildlife Service,QPWS
152.5358,-27.47821,Phascolarctos cinereus,2076785,10/7/2022,10/7/2022,1795013,INCIDENTAL,"Jensens Swamp Environmental Reserve, Lowood SEQ",200,8000,Rod Hobson's incidental records,1,Queensland Parks and Wildlife Service,QPWS
152.96324,-27.27387,Phascolarctos cinereus,2075572,14/1/2022,15/1/2022,1794363,INCIDENTAL,"Mungarra Reserve, Petrie",10,14499,Terry Reis Incidental Records,199,Private Individual,
152.96211,-27.27547,Phascolarctos cinereus,2072992,28/1/2022,28/1/2022,1794369,INCIDENTAL,"Mungarra Reserve, Petrie",20,14499,Terry Reis Incidental Records,199,Private Individual,
153.0384,-27.5478,Phascolarctos cinereus,2074935,12/1/2022,12/1/2022,1793936,INCIDENTAL,Salisbury Recreation Reserve,10,17100,Stacey McLean Incidental Records,199,Private Individual,
153.0378,-27.537,Phascolarctos cinereus,2074936,9/2/2022,9/2/2022,1793937,INCIDENTAL,Toohey Forest,10,17100,Stacey McLean Incidental Records,199,Private Individual,
153.0409,-27.5479,Phascolarctos cinereus,2074945,10/5/2022,10/5/2022,1793946,INCIDENTAL,Wilcox Park,20,17100,Stacey McLean Incidental Records,199,Private Individual,
152.0253,-27.3767,Phascolarctos cinereus,2100871,24/8/2022,24/8/2022,1814466,INCIDENTAL,New England highway between the townships of Hampton and Geham. Approximately 50 m north of the Merrits Creek Rd intersection.,10,15779,TMR Darling Downs District Wildlife Records,1981,Department of Transport and Main Roads,DTMR
151.9564,-27.5091,Phascolarctos cinereus,2100872,19/9/2022,19/9/2022,1814467,INCIDENTAL,"South lanes of the New England Highway, Mt Kynoch",10,15779,TMR Darling Downs District Wildlife Records,1981,Department of Transport and Main Roads,DTMR
151.9537,-27.5123,Phascolarctos cinereus,2100873,14/11/2022,14/11/2022,1814468,INCIDENTAL,"South lanes of the New England Highway, Mt Kynoch, just south of the rest area",10,15779,TMR Darling Downs District Wildlife Records,1981,Department of Transport and Main Roads,DTMR
152.181533,-27.55392,Phascolarctos cinereus,2100878,8/2/2022,8/2/2022,1814473,INCIDENTAL,"Warrego Highway approximately 100m west of Sandy Creek Road (TMR road 18A section 3, TMR road chainage 69.94km).",5,15779,TMR Darling Downs District Wildlife Records,1981,Department of Transport and Main Roads,DTMR
152.234289,-26.08064252,Phascolarctos cinereus,2125282,4/11/2022,4/11/2022,1830203,INCIDENTAL,Not recorded,5,17619,Koalas,2621,Gympie Regional Council,GRC
152.2336837,-26.08182265,Phascolarctos cinereus,2125283,4/11/2022,4/11/2022,1830204,INCIDENTAL,Not recorded,5,17619,Koalas,2621,Gympie Regional Council,GRC
152.2372837,-26.07216764,Phascolarctos cinereus,2125284,4/11/2022,4/11/2022,1830232,INCIDENTAL,Not recorded,5,17619,Koalas,2621,Gympie Regional Council,GRC
152.2407829,-26.06942939,Phascolarctos cinereus,2125285,4/11/2022,4/11/2022,1830233,INCIDENTAL,Not recorded,5,17619,Koalas,2621,Gympie Regional Council,GRC
152.240102,-26.06899892,Phascolarctos cinereus,2125286,4/11/2022,4/11/2022,1830234,INCIDENTAL,Not recorded,5,17619,Koalas,2621,Gympie Regional Council,GRC
152.2395287,-26.08524764,Phascolarctos cinereus,2125287,4/11/2022,4/11/2022,1830235,INCIDENTAL,Not recorded,5,17619,Koalas,2621,Gympie Regional Council,GRC
152.2453487,-26.07841765,Phascolarctos cinereus,2125288,4/11/2022,4/11/2022,1830236,INCIDENTAL,Not recorded,5,17619,Koalas,2621,Gympie Regional Council,GRC
152.0744537,-26.05981766,Phascolarctos cinereus,2125289,4/11/2022,4/11/2022,1830237,INCIDENTAL,Not recorded,5,17619,Koalas,2621,Gympie Regional Council,GRC
152.6866988,-26.3984026,Phascolarctos cinereus,2125290,4/11/2022,4/11/2022,1830238,INCIDENTAL,Not recorded,5,17619,Koalas,2621,Gympie Regional Council,GRC
152.6866988,-26.3984026,Phascolarctos cinereus,2125290,4/11/2022,4/11/2022,1830238,INCIDENTAL,Not recorded,5,17619,Koalas,2621,Gympie Regional Council,GRC
152.6866988,-26.3984026,Phascolarctos cinereus,2125290,4/11/2022,4/11/2022,1830238,INCIDENTAL,Not recorded,5,17619,Koalas,2621,Gympie Regional Council,GRC
152.8663228,-26.13081144,Phascolarctos cinereus,2125291,17/11/2022,17/11/2022,1830239,INCIDENTAL,Not recorded,10,17619,Koalas,2621,Gympie Regional Council,GRC
152.6838963,-26.33703796,Phascolarctos cinereus,2125292,20/10/2022,20/10/2022,1830240,INCIDENTAL,Not recorded,25,17619,Koalas,2621,Gympie Regional Council,GRC
152.4399003,-26.20607732,Phascolarctos cinereus,2125293,18/11/2022,18/11/2022,1830241,INCIDENTAL,Not recorded,10,17619,Koalas,2621,Gympie Regional Council,GRC
152.6477328,-26.39895486,Phascolarctos cinereus,2125302,6/11/2022,6/11/2022,1830242,INCIDENTAL,Not recorded,10,17619,Koalas,2621,Gympie Regional Council,GRC
152.7490733,-26.24743277,Phascolarctos cinereus,2125303,15/11/2022,15/11/2022,1830243,INCIDENTAL,Not recorded,10,17619,Koalas,2621,Gympie Regional Council,GRC
152.6836226,-26.41667466,Phascolarctos cinereus,2125304,27/9/2022,27/9/2022,1830244,INCIDENTAL,Not recorded,20,17619,Koalas,2621,Gympie Regional Council,GRC
152.7056369,-26.39255696,Phascolarctos cinereus,2125305,25/2/2022,25/2/2022,1830245,INCIDENTAL,Not recorded,10,17619,Koalas,2621,Gympie Regional Council,GRC
152.8158276,-26.11112417,Phascolarctos cinereus,2125306,20/11/2022,20/11/2022,1830246,INCIDENTAL,Not recorded,5,17619,Koalas,2621,Gympie Regional Council,GRC
152.6767922,-26.44778461,Phascolarctos cinereus,2125307,9/11/2022,9/11/2022,1830247,INCIDENTAL,Not recorded,10,17619,Koalas,2621,Gympie Regional Council,GRC
152.6483283,-26.22598273,Phascolarctos cinereus,2125308,20/11/2022,20/11/2022,1830248,INCIDENTAL,Not recorded,20,17619,Koalas,2621,Gympie Regional Council,GRC
152.6546018,-26.36953722,Phascolarctos cinereus,2125318,13/12/2022,13/12/2022,1830231,INCIDENTAL,Not recorded,10,17619,Koalas,2621,Gympie Regional Council,GRC
152.653666,-26.37267649,Phascolarctos cinereus,2125320,12/12/2022,12/12/2022,1830281,INCIDENTAL,Not recorded,5,17619,Koalas,2621,Gympie Regional Council,GRC
152.6697212,-26.37278375,Phascolarctos cinereus,2125321,14/12/2022,14/12/2022,1830282,INCIDENTAL,Not recorded,10,17619,Koalas,2621,Gympie Regional Council,GRC
152.681566,-26.31428647,Phascolarctos cinereus,2125322,15/12/2022,15/12/2022,1830283,INCIDENTAL,Not recorded,25,17619,Koalas,2621,Gympie Regional Council,GRC
152.6507156,-26.42322752,Phascolarctos cinereus,2125323,15/11/2022,15/11/2022,1830284,INCIDENTAL,Not recorded,10,17619,Koalas,2621,Gympie Regional Council,GRC
152.8759794,-26.15079579,Phascolarctos cinereus,2125483,6/9/2022,6/9/2022,1830449,INCIDENTAL,Not recorded,10,17619,Koalas,2621,Gympie Regional Council,GRC
152.3290622,-26.34034981,Phascolarctos cinereus,2125490,15/9/2022,15/9/2022,1830456,INCIDENTAL,Not recorded,20,17619,Koalas,2621,Gympie Regional Council,GRC
152.3288261,-26.3414459,Phascolarctos cinereus,2125491,11/10/2022,11/10/2022,1830457,INCIDENTAL,Not recorded,20,17619,Koalas,2621,Gympie Regional Council,GRC
152.3289497,-26.34042466,Phascolarctos cinereus,2125492,18/10/2022,18/10/2022,1830458,INCIDENTAL,Not recorded,20,17619,Koalas,2621,Gympie Regional Council,GRC
152.7371605,-26.28944037,Phascolarctos cinereus,2125330,20/12/2022,20/12/2022,1830291,INCIDENTAL,Not recorded,5,17619,Koalas,2621,Gympie Regional Council,GRC
152.8629113,-26.13366455,Phascolarctos cinereus,2125331,18/12/2022,18/12/2022,1830292,INCIDENTAL,Not recorded,10,17619,Koalas,2621,Gympie Regional Council,GRC
152.6521855,-26.37151816,Phascolarctos cinereus,2125332,22/12/2022,22/12/2022,1830293,INCIDENTAL,Not recorded,10,17619,Koalas,2621,Gympie Regional Council,GRC
152.5759919,-26.19588937,Phascolarctos cinereus,2125333,24/12/2022,24/12/2022,1830294,INCIDENTAL,Not recorded,20,17619,Koalas,2621,Gympie Regional Council,GRC
152.8298882,-26.14128759,Phascolarctos cinereus,2125334,25/12/2022,25/12/2022,1830295,INCIDENTAL,Not recorded,10,17619,Koalas,2621,Gympie Regional Council,GRC
152.6523271,-26.37180491,Phascolarctos cinereus,2125335,28/12/2022,28/12/2022,1830296,INCIDENTAL,Not recorded,5,17619,Koalas,2621,Gympie Regional Council,GRC
152.52588,-26.2149358,Phascolarctos cinereus,2125336,3/3/2022,3/3/2022,1830297,INCIDENTAL,Not recorded,10,17619,Koalas,2621,Gympie Regional Council,GRC
152.6694694,-26.2876443,Phascolarctos cinereus,2125337,26/12/2022,26/12/2022,1830298,INCIDENTAL,Not recorded,10,17619,Koalas,2621,Gympie Regional Council,GRC
152.3286257,-26.34214057,Phascolarctos cinereus,2125494,2/11/2022,2/11/2022,1830460,INCIDENTAL,Not recorded,20,17619,Koalas,2621,Gympie Regional Council,GRC
152.3284437,-26.34139783,Phascolarctos cinereus,2125495,11/9/2022,11/9/2022,1830461,INCIDENTAL,Not recorded,20,17619,Koalas,2621,Gympie Regional Council,GRC
152.3289173,-26.34054691,Phascolarctos cinereus,2125496,20/3/2022,20/3/2022,1830462,INCIDENTAL,Not recorded,20,17619,Koalas,2621,Gympie Regional Council,GRC
152.329097,-26.34025606,Phascolarctos cinereus,2125497,21/3/2022,21/3/2022,1830463,INCIDENTAL,Not recorded,20,17619,Koalas,2621,Gympie Regional Council,GRC
152.7413936,-26.29020648,Phascolarctos cinereus,2125338,25/12/2022,25/12/2022,1830299,INCIDENTAL,Not recorded,5,17619,Koalas,2621,Gympie Regional Council,GRC
152.4574886,-26.20137043,Phascolarctos cinereus,2125340,31/12/2022,31/12/2022,1830301,INCIDENTAL,Not recorded,10,17619,Koalas,2621,Gympie Regional Council,GRC
152.8566739,-26.13176845,Phascolarctos cinereus,2125341,30/12/2022,30/12/2022,1830195,INCIDENTAL,Not recorded,10,17619,Koalas,2621,Gympie Regional Council,GRC
152.2285093,-26.11824903,Phascolarctos cinereus,2125342,28/12/2022,28/12/2022,1830302,INCIDENTAL,Not recorded,10,17619,Koalas,2621,Gympie Regional Council,GRC
152.4381084,-26.21697409,Phascolarctos cinereus,2125347,13/12/2022,13/12/2022,1830315,INCIDENTAL,Not recorded,10,17619,Koalas,2621,Gympie Regional Council,GRC
152.4384285,-26.20826878,Phascolarctos cinereus,2125348,13/12/2022,13/12/2022,1830316,INCIDENTAL,Not recorded,10,17619,Koalas,2621,Gympie Regional Council,GRC
152.425435,-26.24083553,Phascolarctos cinereus,2125349,13/12/2022,13/12/2022,1830317,INCIDENTAL,Not recorded,10,17619,Koalas,2621,Gympie Regional Council,GRC
152.6549632,-26.23632649,Phascolarctos cinereus,2125354,6/11/2022,6/11/2022,1830322,INCIDENTAL,Not recorded,5,17619,Koalas,2621,Gympie Regional Council,GRC
152.6553882,-26.23679316,Phascolarctos cinereus,2125355,11/11/2022,11/11/2022,1830323,INCIDENTAL,Not recorded,5,17619,Koalas,2621,Gympie Regional Council,GRC
152.6551299,-26.23659038,Phascolarctos cinereus,2125356,23/11/2022,23/11/2022,1830324,INCIDENTAL,Not recorded,5,17619,Koalas,2621,Gympie Regional Council,GRC
152.6593339,-26.23747838,Phascolarctos cinereus,2125358,20/12/2022,20/12/2022,1830326,INCIDENTAL,Not recorded,10,17619,Koalas,2621,Gympie Regional Council,GRC
152.8566739,-26.13176845,Phascolarctos cinereus,2125270,2/4/2022,2/4/2022,1830195,INCIDENTAL,Not recorded,10,17619,Koalas,2621,Gympie Regional Council,GRC
152.746644,-26.48273141,Phascolarctos cinereus,2125273,5/6/2022,5/6/2022,1830197,INCIDENTAL,Not recorded,20,17619,Koalas,2621,Gympie Regional Council,GRC
152.4260358,-26.24203842,Phascolarctos cinereus,2125274,23/8/2022,23/8/2022,1830198,INCIDENTAL,Not recorded,10,17619,Koalas,2621,Gympie Regional Council,GRC
152.7747513,-26.36862808,Phascolarctos cinereus,2125275,17/9/2022,17/9/2022,1830199,INCIDENTAL,Not recorded,100,17619,Koalas,2621,Gympie Regional Council,GRC
152.8635523,-26.13363081,Phascolarctos cinereus,2125276,19/9/2022,19/9/2022,1830200,INCIDENTAL,Not recorded,10,17619,Koalas,2621,Gympie Regional Council,GRC
152.8566739,-26.13176845,Phascolarctos cinereus,2125277,22/9/2022,22/9/2022,1830196,INCIDENTAL,Not recorded,20,17619,Koalas,2621,Gympie Regional Council,GRC
152.8566739,-26.13176845,Phascolarctos cinereus,2125278,22/9/2022,22/9/2022,1830196,INCIDENTAL,Not recorded,20,17619,Koalas,2621,Gympie Regional Council,GRC
152.8566739,-26.13176845,Phascolarctos cinereus,2125279,21/8/2022,21/8/2022,1830195,INCIDENTAL,Not recorded,10,17619,Koalas,2621,Gympie Regional Council,GRC
152.7635921,-26.44402661,Phascolarctos cinereus,2125280,18/9/2022,18/9/2022,1830201,INCIDENTAL,Not recorded,20,17619,Koalas,2621,Gympie Regional Council,GRC
152.6859691,-26.48422565,Phascolarctos cinereus,2125281,30/8/2022,30/8/2022,1830202,INCIDENTAL,Not recorded,5,17619,Koalas,2621,Gympie Regional Council,GRC
152.7833271,-26.09667926,Phascolarctos cinereus,2125373,26/10/2022,26/10/2022,1830341,INCIDENTAL,Not recorded,10,17619,Koalas,2621,Gympie Regional Council,GRC
152.6837541,-26.41628071,Phascolarctos cinereus,2125374,4/11/2022,4/11/2022,1830342,INCIDENTAL,Not recorded,20,17619,Koalas,2621,Gympie Regional Council,GRC
152.2486458,-26.07462224,Phascolarctos cinereus,2125394,16/12/2022,16/12/2022,1830362,INCIDENTAL,Not recorded,10,17619,Koalas,2621,Gympie Regional Council,GRC
152.6328958,-26.07856661,Phascolarctos cinereus,2125416,15/9/2022,15/9/2022,1830383,INCIDENTAL,Not recorded,5,17619,Koalas,2621,Gympie Regional Council,GRC
152.6492128,-26.0889556,Phascolarctos cinereus,2125420,8/9/2022,8/9/2022,1830387,INCIDENTAL,Not recorded,5,17619,Koalas,2621,Gympie Regional Council,GRC
152.6545038,-26.0939836,Phascolarctos cinereus,2125421,30/8/2022,30/8/2022,1830388,INCIDENTAL,Not recorded,10,17619,Koalas,2621,Gympie Regional Council,GRC
152.6415348,-26.07051061,Phascolarctos cinereus,2125423,24/8/2022,24/8/2022,1830390,INCIDENTAL,Not recorded,5,17619,Koalas,2621,Gympie Regional Council,GRC
152.6607088,-26.1215166,Phascolarctos cinereus,2125425,25/8/2022,25/8/2022,1830392,INCIDENTAL,Not recorded,10,17619,Koalas,2621,Gympie Regional Council,GRC
152.6215848,-26.10410961,Phascolarctos cinereus,2125426,9/6/2022,9/6/2022,1830393,INCIDENTAL,Not recorded,10,17619,Koalas,2621,Gympie Regional Council,GRC
152.6628728,-26.1166096,Phascolarctos cinereus,2125427,25/8/2022,25/8/2022,1830394,INCIDENTAL,Not recorded,5,17619,Koalas,2621,Gympie Regional Council,GRC
152.6607758,-26.1196686,Phascolarctos cinereus,2125428,31/3/2022,31/3/2022,1830395,INCIDENTAL,Not recorded,10,17619,Koalas,2621,Gympie Regional Council,GRC
152.6575988,-26.1038296,Phascolarctos cinereus,2125429,24/8/2022,24/8/2022,1830396,INCIDENTAL,Not recorded,10,17619,Koalas,2621,Gympie Regional Council,GRC
152.7122818,-26.2516726,Phascolarctos cinereus,2125435,4/4/2022,4/4/2022,1830402,INCIDENTAL,Not recorded,10,17619,Koalas,2621,Gympie Regional Council,GRC
152.7090538,-26.2136826,Phascolarctos cinereus,2125438,15/3/2022,15/3/2022,1830405,INCIDENTAL,Not recorded,5,17619,Koalas,2621,Gympie Regional Council,GRC
152.7141138,-26.2471026,Phascolarctos cinereus,2125440,19/1/2022,19/1/2022,1830407,INCIDENTAL,Not recorded,10,17619,Koalas,2621,Gympie Regional Council,GRC
152.7042238,-26.2169726,Phascolarctos cinereus,2125442,14/3/2022,14/3/2022,1830409,INCIDENTAL,Not recorded,5,17619,Koalas,2621,Gympie Regional Council,GRC
152.8609772,-26.1326561,Phascolarctos cinereus,2097361,1/1/2022,1/1/2022,1811279,INCIDENTAL,Not recorded,10,17619,Koalas,2621,Gympie Regional Council,GRC
152.6632538,-26.4499321,Phascolarctos cinereus,2097362,6/1/2022,6/1/2022,1811280,INCIDENTAL,Not recorded,20,17619,Koalas,2621,Gympie Regional Council,GRC
152.7846527,-26.04458237,Phascolarctos cinereus,2097363,19/1/2022,19/1/2022,1811281,INCIDENTAL,Not recorded,20,17619,Koalas,2621,Gympie Regional Council,GRC
152.6577454,-26.23644638,Phascolarctos cinereus,2097364,8/1/2022,8/1/2022,1811282,INCIDENTAL,Not recorded,20,17619,Koalas,2621,Gympie Regional Council,GRC
152.7100983,-26.39864349,Phascolarctos cinereus,2097365,22/1/2022,22/1/2022,1811283,INCIDENTAL,Not recorded,5,17619,Koalas,2621,Gympie Regional Council,GRC
152.6882019,-26.38799095,Phascolarctos cinereus,2097367,24/1/2022,24/1/2022,1811285,INCIDENTAL,Not recorded,10,17619,Koalas,2621,Gympie Regional Council,GRC
152.7815857,-26.06201363,Phascolarctos cinereus,2097370,11/2/2022,11/2/2022,1811288,INCIDENTAL,Not recorded,5,17619,Koalas,2621,Gympie Regional Council,GRC
152.741806,-26.28934479,Phascolarctos cinereus,2097371,12/2/2022,12/2/2022,1811289,INCIDENTAL,Not recorded,40,17619,Koalas,2621,Gympie Regional Council,GRC
152.6513825,-26.19742012,Phascolarctos cinereus,2097372,12/2/2022,12/2/2022,1811290,INCIDENTAL,Not recorded,5,17619,Koalas,2621,Gympie Regional Council,GRC
152.6543121,-26.23870468,Phascolarctos cinereus,2097374,13/2/2022,13/2/2022,1811292,INCIDENTAL,Not recorded,10,17619,Koalas,2621,Gympie Regional Council,GRC
152.7775726,-26.32481575,Phascolarctos cinereus,2097375,15/2/2022,15/2/2022,1811293,INCIDENTAL,Not recorded,5,17619,Koalas,2621,Gympie Regional Council,GRC
152.8096619,-26.10597038,Phascolarctos cinereus,2097376,7/3/2022,7/3/2022,1811294,INCIDENTAL,Not recorded,5,17619,Koalas,2621,Gympie Regional Council,GRC
152.7802734,-26.09290886,Phascolarctos cinereus,2097377,18/3/2022,18/3/2022,1811295,INCIDENTAL,Not recorded,10,17619,Koalas,2621,Gympie Regional Council,GRC
152.7373352,-26.28996086,Phascolarctos cinereus,2097378,16/3/2022,16/3/2022,1811296,INCIDENTAL,Not recorded,5,17619,Koalas,2621,Gympie Regional Council,GRC
152.6805725,-26.38694382,Phascolarctos cinereus,2097379,10/3/2022,10/3/2022,1811297,INCIDENTAL,Not recorded,5,17619,Koalas,2621,Gympie Regional Council,GRC
152.7411346,-26.29015541,Phascolarctos cinereus,2097380,14/3/2022,14/3/2022,1811298,INCIDENTAL,Not recorded,5,17619,Koalas,2621,Gympie Regional Council,GRC
152.6697083,-26.39631081,Phascolarctos cinereus,2097381,13/3/2022,13/3/2022,1811299,INCIDENTAL,Not recorded,5,17619,Koalas,2621,Gympie Regional Council,GRC
152.8009338,-26.12376213,Phascolarctos cinereus,2097382,7/2/2022,7/2/2022,1811300,INCIDENTAL,Not recorded,20,17619,Koalas,2621,Gympie Regional Council,GRC
152.6508026,-26.40060043,Phascolarctos cinereus,2097349,5/4/2022,5/4/2022,1811302,INCIDENTAL,Not recorded,20,17619,Koalas,2621,Gympie Regional Council,GRC
152.7910919,-26.07216263,Phascolarctos cinereus,2097351,16/4/2022,16/4/2022,1811304,INCIDENTAL,Not recorded,10,17619,Koalas,2621,Gympie Regional Council,GRC
152.8442383,-26.14520073,Phascolarctos cinereus,2097353,16/4/2022,16/4/2022,1811306,INCIDENTAL,Not recorded,10,17619,Koalas,2621,Gympie Regional Council,GRC
152.6497192,-26.4010334,Phascolarctos cinereus,2097354,19/4/2022,19/4/2022,1811307,INCIDENTAL,Not recorded,10,17619,Koalas,2621,Gympie Regional Council,GRC
151.9722138,-26.16389847,Phascolarctos cinereus,2097355,23/4/2022,23/4/2022,1811308,INCIDENTAL,Not recorded,5,17619,Koalas,2621,Gympie Regional Council,GRC
152.888443,-26.17128944,Phascolarctos cinereus,2097384,28/4/2022,28/4/2022,1811309,INCIDENTAL,Not recorded,5,17619,Koalas,2621,Gympie Regional Council,GRC
152.6717835,-26.28803825,Phascolarctos cinereus,2097385,21/4/2022,21/4/2022,1811310,INCIDENTAL,Not recorded,5,17619,Koalas,2621,Gympie Regional Council,GRC
152.6438141,-26.22278023,Phascolarctos cinereus,2097387,28/4/2022,28/4/2022,1811312,INCIDENTAL,Not recorded,10,17619,Koalas,2621,Gympie Regional Council,GRC
152.6863709,-26.47729111,Phascolarctos cinereus,2097389,14/5/2022,14/5/2022,1811314,INCIDENTAL,Not recorded,10,17619,Koalas,2621,Gympie Regional Council,GRC
152.8049164,-26.02085304,Phascolarctos cinereus,2097390,18/5/2022,18/5/2022,1811315,INCIDENTAL,Not recorded,10,17619,Koalas,2621,Gympie Regional Council,GRC
152.8031464,-26.07375908,Phascolarctos cinereus,2097391,19/5/2022,19/5/2022,1811316,INCIDENTAL,Not recorded,5,17619,Koalas,2621,Gympie Regional Council,GRC
152.6799927,-26.38695908,Phascolarctos cinereus,2097392,21/5/2022,21/5/2022,1811317,INCIDENTAL,Not recorded,5,17619,Koalas,2621,Gympie Regional Council,GRC
152.6904144,-26.38255119,Phascolarctos cinereus,2097393,21/5/2022,21/5/2022,1811318,INCIDENTAL,Not recorded,10,17619,Koalas,2621,Gympie Regional Council,GRC
152.7018585,-26.36994362,Phascolarctos cinereus,2097394,11/5/2022,11/5/2022,1811319,INCIDENTAL,Not recorded,10,17619,Koalas,2621,Gympie Regional Council,GRC
152.8701019,-26.14763069,Phascolarctos cinereus,2097395,23/5/2022,23/5/2022,1811320,INCIDENTAL,Not recorded,10,17619,Koalas,2621,Gympie Regional Council,GRC
152.6655273,-26.3956089,Phascolarctos cinereus,2097396,27/5/2022,27/5/2022,1811321,INCIDENTAL,Not recorded,10,17619,Koalas,2621,Gympie Regional Council,GRC
152.8004303,-26.05751991,Phascolarctos cinereus,2097397,11/5/2022,11/5/2022,1811322,INCIDENTAL,Not recorded,5,17619,Koalas,2621,Gympie Regional Council,GRC
152.8006592,-26.06030464,Phascolarctos cinereus,2097398,11/5/2022,11/5/2022,1811323,INCIDENTAL,Not recorded,5,17619,Koalas,2621,Gympie Regional Council,GRC
152.6447754,-26.28502464,Phascolarctos cinereus,2097399,15/6/2022,15/6/2022,1811324,INCIDENTAL,Not recorded,20,17619,Koalas,2621,Gympie Regional Council,GRC
152.4429627,-26.20339775,Phascolarctos cinereus,2097400,21/6/2022,21/6/2022,1811325,INCIDENTAL,Not recorded,10,17619,Koalas,2621,Gympie Regional Council,GRC
152.386734,-26.20275497,Phascolarctos cinereus,2097401,17/6/2022,17/6/2022,1811326,INCIDENTAL,Not recorded,20,17619,Koalas,2621,Gympie Regional Council,GRC
152.7897492,-26.07088089,Phascolarctos cinereus,2097402,23/6/2022,23/6/2022,1811327,INCIDENTAL,Not recorded,10,17619,Koalas,2621,Gympie Regional Council,GRC
152.4431458,-26.20420075,Phascolarctos cinereus,2097403,28/6/2022,28/6/2022,1811328,INCIDENTAL,Not recorded,5,17619,Koalas,2621,Gympie Regional Council,GRC
152.4350891,-26.19794846,Phascolarctos cinereus,2097404,24/6/2022,24/6/2022,1811329,INCIDENTAL,Not recorded,10,17619,Koalas,2621,Gympie Regional Council,GRC
152.5419769,-26.21607018,Phascolarctos cinereus,2097406,29/6/2022,29/6/2022,1811331,INCIDENTAL,Not recorded,10,17619,Koalas,2621,Gympie Regional Council,GRC
152.7829437,-26.08683014,Phascolarctos cinereus,2097407,26/6/2022,26/6/2022,1811332,INCIDENTAL,Not recorded,5,17619,Koalas,2621,Gympie Regional Council,GRC
152.691803,-26.38253021,Phascolarctos cinereus,2097408,5/7/2022,5/7/2022,1811333,INCIDENTAL,Not recorded,5,17619,Koalas,2621,Gympie Regional Council,GRC
152.5125275,-26.0761261,Phascolarctos cinereus,2097409,31/3/2022,31/3/2022,1810965,INCIDENTAL,Not recorded,20,17619,Koalas,2621,Gympie Regional Council,GRC
152.6604004,-26.21535873,Phascolarctos cinereus,2097410,7/7/2022,7/7/2022,1810966,INCIDENTAL,Not recorded,5,17619,Koalas,2621,Gympie Regional Council,GRC
152.6732941,-26.41675758,Phascolarctos cinereus,2097411,25/6/2022,25/6/2022,1810967,INCIDENTAL,Not recorded,15,17619,Koalas,2621,Gympie Regional Council,GRC
152.6729889,-26.41679573,Phascolarctos cinereus,2097412,25/6/2022,25/6/2022,1810968,INCIDENTAL,Not recorded,20,17619,Koalas,2621,Gympie Regional Council,GRC
152.6685944,-26.43657303,Phascolarctos cinereus,2097413,13/7/2022,13/7/2022,1810969,INCIDENTAL,Not recorded,10,17619,Koalas,2621,Gympie Regional Council,GRC
152.6902008,-26.38272667,Phascolarctos cinereus,2097414,15/7/2022,15/7/2022,1810970,INCIDENTAL,Not recorded,5,17619,Koalas,2621,Gympie Regional Council,GRC
152.6483002,-26.18329048,Phascolarctos cinereus,2097415,3/6/2022,3/6/2022,1810971,INCIDENTAL,Not recorded,10,17619,Koalas,2621,Gympie Regional Council,GRC
152.6895905,-26.38686562,Phascolarctos cinereus,2097416,20/7/2022,20/7/2022,1810972,INCIDENTAL,Not recorded,10,17619,Koalas,2621,Gympie Regional Council,GRC
152.8060303,-26.09171104,Phascolarctos cinereus,2097417,25/7/2022,25/7/2022,1810973,INCIDENTAL,Not recorded,10,17619,Koalas,2621,Gympie Regional Council,GRC
152.6987763,-26.48581314,Phascolarctos cinereus,2097418,5/7/2022,5/7/2022,1810974,INCIDENTAL,Not recorded,20,17619,Koalas,2621,Gympie Regional Council,GRC
152.7407532,-26.28960037,Phascolarctos cinereus,2097419,25/7/2022,25/7/2022,1810975,INCIDENTAL,Not recorded,10,17619,Koalas,2621,Gympie Regional Council,GRC
152.7869873,-26.0401535,Phascolarctos cinereus,2097420,29/7/2022,29/7/2022,1810976,INCIDENTAL,Not recorded,5,17619,Koalas,2621,Gympie Regional Council,GRC
152.6690826,-26.43753052,Phascolarctos cinereus,2097421,29/7/2022,29/7/2022,1810977,INCIDENTAL,Not recorded,5,17619,Koalas,2621,Gympie Regional Council,GRC
152.6669464,-26.4345932,Phascolarctos cinereus,2097422,28/7/2022,28/7/2022,1810978,INCIDENTAL,Not recorded,5,17619,Koalas,2621,Gympie Regional Council,GRC
152.6931763,-26.38570023,Phascolarctos cinereus,2097423,3/8/2022,3/8/2022,1810979,INCIDENTAL,Not recorded,5,17619,Koalas,2621,Gympie Regional Council,GRC
152.7861328,-26.08228684,Phascolarctos cinereus,2097424,3/8/2022,3/8/2022,1810980,INCIDENTAL,Not recorded,10,17619,Koalas,2621,Gympie Regional Council,GRC
152.8113709,-26.12057304,Phascolarctos cinereus,2097425,26/7/2022,26/7/2022,1810981,INCIDENTAL,Not recorded,5,17619,Koalas,2621,Gympie Regional Council,GRC
152.8092041,-26.10787201,Phascolarctos cinereus,2097426,8/8/2022,8/8/2022,1810982,INCIDENTAL,Not recorded,5,17619,Koalas,2621,Gympie Regional Council,GRC
152.7771759,-26.02909851,Phascolarctos cinereus,2097427,11/8/2022,11/8/2022,1810983,INCIDENTAL,Not recorded,10,17619,Koalas,2621,Gympie Regional Council,GRC
152.1766357,-26.11239433,Phascolarctos cinereus,2097428,14/8/2022,14/8/2022,1810984,INCIDENTAL,Not recorded,15,17619,Koalas,2621,Gympie Regional Council,GRC
152.6759186,-26.44841957,Phascolarctos cinereus,2097429,16/8/2022,16/8/2022,1810985,INCIDENTAL,Not recorded,10,17619,Koalas,2621,Gympie Regional Council,GRC
152.7942505,-26.15539742,Phascolarctos cinereus,2097430,13/8/2022,13/8/2022,1810986,INCIDENTAL,Not recorded,10,17619,Koalas,2621,Gympie Regional Council,GRC
152.4258881,-26.24085236,Phascolarctos cinereus,2097431,25/6/2022,25/6/2022,1810987,INCIDENTAL,Not recorded,10,17619,Koalas,2621,Gympie Regional Council,GRC
152.6882782,-26.38515472,Phascolarctos cinereus,2097432,17/8/2022,17/8/2022,1810988,INCIDENTAL,Not recorded,5,17619,Koalas,2621,Gympie Regional Council,GRC
152.6756744,-26.4484539,Phascolarctos cinereus,2097433,21/8/2022,21/8/2022,1810989,INCIDENTAL,Not recorded,5,17619,Koalas,2621,Gympie Regional Council,GRC
152.4403381,-26.21286774,Phascolarctos cinereus,2097434,2/8/2022,2/8/2022,1810990,INCIDENTAL,Not recorded,10,17619,Koalas,2621,Gympie Regional Council,GRC
152.6777344,-26.4160614,Phascolarctos cinereus,2097435,22/8/2022,22/8/2022,1810991,INCIDENTAL,Not recorded,5,17619,Koalas,2621,Gympie Regional Council,GRC
152.6858063,-26.38755608,Phascolarctos cinereus,2097436,23/8/2022,23/8/2022,1810992,INCIDENTAL,Not recorded,5,17619,Koalas,2621,Gympie Regional Council,GRC
153.0107117,-25.92574883,Phascolarctos cinereus,2097437,14/8/2022,14/8/2022,1810993,INCIDENTAL,Not recorded,5,17619,Koalas,2621,Gympie Regional Council,GRC
152.800766,-26.07204247,Phascolarctos cinereus,2097438,20/8/2022,20/8/2022,1810994,INCIDENTAL,Not recorded,10,17619,Koalas,2621,Gympie Regional Council,GRC
152.6995392,-26.47074509,Phascolarctos cinereus,2097439,30/8/2022,30/8/2022,1810995,INCIDENTAL,Not recorded,5,17619,Koalas,2621,Gympie Regional Council,GRC
152.8471985,-26.1512146,Phascolarctos cinereus,2097440,31/8/2022,31/8/2022,1810996,INCIDENTAL,Not recorded,50,17619,Koalas,2621,Gympie Regional Council,GRC
151.9727783,-26.16305542,Phascolarctos cinereus,2097441,4/9/2022,4/9/2022,1810997,INCIDENTAL,Not recorded,5,17619,Koalas,2621,Gympie Regional Council,GRC
152.846756,-26.14814758,Phascolarctos cinereus,2097442,31/8/2022,31/8/2022,1810998,INCIDENTAL,Not recorded,10,17619,Koalas,2621,Gympie Regional Council,GRC
152.4493256,-26.20428467,Phascolarctos cinereus,2097444,1/9/2022,1/9/2022,1811000,INCIDENTAL,Not recorded,10,17619,Koalas,2621,Gympie Regional Council,GRC
152.7277069,-26.30147553,Phascolarctos cinereus,2097445,31/8/2022,31/8/2022,1811001,INCIDENTAL,Not recorded,10,17619,Koalas,2621,Gympie Regional Council,GRC
152.7138977,-26.26708794,Phascolarctos cinereus,2097446,14/9/2022,14/9/2022,1811002,INCIDENTAL,Not recorded,10,17619,Koalas,2621,Gympie Regional Council,GRC
152.6337891,-26.2161541,Phascolarctos cinereus,2097447,14/9/2022,14/9/2022,1811003,INCIDENTAL,Not recorded,5,17619,Koalas,2621,Gympie Regional Council,GRC
152.6755066,-26.44854546,Phascolarctos cinereus,2097448,15/9/2022,15/9/2022,1811004,INCIDENTAL,Not recorded,10,17619,Koalas,2621,Gympie Regional Council,GRC
152.6456146,-26.39819336,Phascolarctos cinereus,2097449,15/9/2022,15/9/2022,1811005,INCIDENTAL,Not recorded,10,17619,Koalas,2621,Gympie Regional Council,GRC
152.6462708,-26.39170075,Phascolarctos cinereus,2097450,6/9/2022,6/9/2022,1811006,INCIDENTAL,Not recorded,10,17619,Koalas,2621,Gympie Regional Council,GRC
152.6567383,-26.42645836,Phascolarctos cinereus,2097451,18/9/2022,18/9/2022,1811007,INCIDENTAL,Not recorded,5,17619,Koalas,2621,Gympie Regional Council,GRC
152.8674927,-26.13184738,Phascolarctos cinereus,2097452,19/9/2022,19/9/2022,1811008,INCIDENTAL,Not recorded,10,17619,Koalas,2621,Gympie Regional Council,GRC
152.8636627,-26.13363075,Phascolarctos cinereus,2097453,14/9/2022,14/9/2022,1811009,INCIDENTAL,Not recorded,10,17619,Koalas,2621,Gympie Regional Council,GRC
152.8703156,-26.14792442,Phascolarctos cinereus,2097454,20/9/2022,20/9/2022,1811010,INCIDENTAL,Not recorded,5,17619,Koalas,2621,Gympie Regional Council,GRC
152.8566742,-26.13175583,Phascolarctos cinereus,2097455,17/9/2022,17/9/2022,1811011,INCIDENTAL,Not recorded,10,17619,Koalas,2621,Gympie Regional Council,GRC
152.8566742,-26.13175583,Phascolarctos cinereus,2097456,22/9/2022,22/9/2022,1811303,INCIDENTAL,Not recorded,20,17619,Koalas,2621,Gympie Regional Council,GRC
152.6154327,-26.23608589,Phascolarctos cinereus,2097457,22/9/2022,22/9/2022,1811012,INCIDENTAL,Not recorded,5,17619,Koalas,2621,Gympie Regional Council,GRC
152.8441773,-26.1416378,Phascolarctos cinereus,2097458,30/8/2022,30/8/2022,1811013,INCIDENTAL,Not recorded,5,17619,Koalas,2621,Gympie Regional Council,GRC
152.6846314,-26.38801384,Phascolarctos cinereus,2097459,27/9/2022,27/9/2022,1811014,INCIDENTAL,Not recorded,10,17619,Koalas,2621,Gympie Regional Council,GRC
152.7857666,-26.06701469,Phascolarctos cinereus,2097460,28/9/2022,28/9/2022,1811015,INCIDENTAL,Not recorded,10,17619,Koalas,2621,Gympie Regional Council,GRC
152.640213,-26.23537827,Phascolarctos cinereus,2097461,29/9/2022,29/9/2022,1811016,INCIDENTAL,Not recorded,5,17619,Koalas,2621,Gympie Regional Council,GRC
152.7039032,-26.45892525,Phascolarctos cinereus,2097462,2/10/2022,2/10/2022,1811017,INCIDENTAL,Not recorded,5,17619,Koalas,2621,Gympie Regional Council,GRC
152.6831513,-26.40028191,Phascolarctos cinereus,2097463,28/9/2022,28/9/2022,1811018,INCIDENTAL,Not recorded,5,17619,Koalas,2621,Gympie Regional Council,GRC
152.599762,-26.48975372,Phascolarctos cinereus,2097464,27/9/2022,27/9/2022,1811019,INCIDENTAL,Not recorded,10,17619,Koalas,2621,Gympie Regional Council,GRC
152.68573,-26.38766289,Phascolarctos cinereus,2097465,3/10/2022,3/10/2022,1811020,INCIDENTAL,Not recorded,5,17619,Koalas,2621,Gympie Regional Council,GRC
152.6681366,-26.22840309,Phascolarctos cinereus,2097466,17/9/2022,17/9/2022,1811021,INCIDENTAL,Not recorded,5,17619,Koalas,2621,Gympie Regional Council,GRC
152.7754974,-26.08848572,Phascolarctos cinereus,2097467,29/9/2022,29/9/2022,1811022,INCIDENTAL,Not recorded,5,17619,Koalas,2621,Gympie Regional Council,GRC
152.679657,-26.41641998,Phascolarctos cinereus,2097468,6/10/2022,6/10/2022,1811023,INCIDENTAL,Not recorded,5,17619,Koalas,2621,Gympie Regional Council,GRC
152.8521881,-26.01077271,Phascolarctos cinereus,2097469,4/10/2022,4/10/2022,1811024,INCIDENTAL,Not recorded,5,17619,Koalas,2621,Gympie Regional Council,GRC
152.7409363,-26.29077721,Phascolarctos cinereus,2097470,10/10/2022,10/10/2022,1811025,INCIDENTAL,Not recorded,5,17619,Koalas,2621,Gympie Regional Council,GRC
152.6449738,-26.23845863,Phascolarctos cinereus,2097471,14/10/2022,14/10/2022,1811026,INCIDENTAL,Not recorded,10,17619,Koalas,2621,Gympie Regional Council,GRC
152.4271698,-26.20281792,Phascolarctos cinereus,2097472,16/10/2022,16/10/2022,1811027,INCIDENTAL,Not recorded,5,17619,Koalas,2621,Gympie Regional Council,GRC
152.8026581,-26.13579369,Phascolarctos cinereus,2097473,24/8/2022,24/8/2022,1811028,INCIDENTAL,Not recorded,10,17619,Koalas,2621,Gympie Regional Council,GRC
152.8418579,-26.14538384,Phascolarctos cinereus,2097475,22/8/2022,22/8/2022,1811030,INCIDENTAL,Not recorded,10,17619,Koalas,2621,Gympie Regional Council,GRC
152.7040863,-26.33889008,Phascolarctos cinereus,2097476,14/10/2022,14/10/2022,1811031,INCIDENTAL,Not recorded,5,17619,Koalas,2621,Gympie Regional Council,GRC
152.7038879,-26.33888817,Phascolarctos cinereus,2097507,13/10/2022,13/10/2022,1811032,INCIDENTAL,Not recorded,5,17619,Koalas,2621,Gympie Regional Council,GRC
152.6418457,-26.23581886,Phascolarctos cinereus,2097477,12/10/2022,12/10/2022,1811033,INCIDENTAL,Not recorded,5,17619,Koalas,2621,Gympie Regional Council,GRC
152.6158295,-26.23606873,Phascolarctos cinereus,2097478,20/10/2022,20/10/2022,1811034,INCIDENTAL,Not recorded,5,17619,Koalas,2621,Gympie Regional Council,GRC
152.4197388,-26.21018982,Phascolarctos cinereus,2097479,19/10/2022,19/10/2022,1811035,INCIDENTAL,Not recorded,5,17619,Koalas,2621,Gympie Regional Council,GRC
152.4430695,-26.2042923,Phascolarctos cinereus,2097480,5/10/2022,5/10/2022,1811036,INCIDENTAL,Not recorded,5,17619,Koalas,2621,Gympie Regional Council,GRC
152.7859039,-26.08161545,Phascolarctos cinereus,2097481,21/8/2022,21/8/2022,1811037,INCIDENTAL,Not recorded,10,17619,Koalas,2621,Gympie Regional Council,GRC
152.5717773,-26.20013809,Phascolarctos cinereus,2097482,20/10/2022,20/10/2022,1811038,INCIDENTAL,Not recorded,5,17619,Koalas,2621,Gympie Regional Council,GRC
152.7500305,-26.33137322,Phascolarctos cinereus,2097483,23/10/2022,23/10/2022,1811039,INCIDENTAL,Not recorded,5,17619,Koalas,2621,Gympie Regional Council,GRC
152.4428101,-26.20738792,Phascolarctos cinereus,2097484,21/10/2022,21/10/2022,1811040,INCIDENTAL,Not recorded,5,17619,Koalas,2621,Gympie Regional Council,GRC
152.6464691,-26.391119,Phascolarctos cinereus,2097485,24/10/2022,24/10/2022,1811041,INCIDENTAL,Not recorded,10,17619,Koalas,2621,Gympie Regional Council,GRC
152.4980011,-26.21496773,Phascolarctos cinereus,2097486,22/10/2022,22/10/2022,1811042,INCIDENTAL,Not recorded,20,17619,Koalas,2621,Gympie Regional Council,GRC
152.4971619,-26.21818352,Phascolarctos cinereus,2097487,12/9/2022,12/9/2022,1811043,INCIDENTAL,Not recorded,30,17619,Koalas,2621,Gympie Regional Council,GRC
152.4968872,-26.22502327,Phascolarctos cinereus,2097488,1/9/2022,1/9/2022,1811044,INCIDENTAL,Not recorded,30,17619,Koalas,2621,Gympie Regional Council,GRC
152.6561432,-26.42644119,Phascolarctos cinereus,2097489,17/9/2022,17/9/2022,1811045,INCIDENTAL,Not recorded,5,17619,Koalas,2621,Gympie Regional Council,GRC
152.7042694,-26.33864975,Phascolarctos cinereus,2097490,19/10/2022,19/10/2022,1811046,INCIDENTAL,Not recorded,10,17619,Koalas,2621,Gympie Regional Council,GRC
152.8472748,-26.14873695,Phascolarctos cinereus,2097492,26/10/2022,26/10/2022,1811048,INCIDENTAL,Not recorded,5,17619,Koalas,2621,Gympie Regional Council,GRC
152.6546173,-26.36533356,Phascolarctos cinereus,2097493,30/7/2022,30/7/2022,1811049,INCIDENTAL,Not recorded,20,17619,Koalas,2621,Gympie Regional Council,GRC
152.4400024,-26.19281769,Phascolarctos cinereus,2097494,28/10/2022,28/10/2022,1811050,INCIDENTAL,Not recorded,5,17619,Koalas,2621,Gympie Regional Council,GRC
152.8086548,-26.10759544,Phascolarctos cinereus,2097495,30/10/2022,30/10/2022,1811051,INCIDENTAL,Not recorded,10,17619,Koalas,2621,Gympie Regional Council,GRC
152.8113251,-26.09444428,Phascolarctos cinereus,2097496,2/11/2022,2/11/2022,1811052,INCIDENTAL,Not recorded,5,17619,Koalas,2621,Gympie Regional Council,GRC
152.7802124,-26.07849693,Phascolarctos cinereus,2097497,1/11/2022,1/11/2022,1811053,INCIDENTAL,Not recorded,5,17619,Koalas,2621,Gympie Regional Council,GRC
152.977356,-25.94507217,Phascolarctos cinereus,2097498,16/8/2022,16/8/2022,1811054,INCIDENTAL,Not recorded,5,17619,Koalas,2621,Gympie Regional Council,GRC
152.7754974,-26.08911324,Phascolarctos cinereus,2097499,9/11/2022,9/11/2022,1811055,INCIDENTAL,Not recorded,5,17619,Koalas,2621,Gympie Regional Council,GRC
152.84729,-26.14107704,Phascolarctos cinereus,2097500,15/11/2022,15/11/2022,1811056,INCIDENTAL,Not recorded,20,17619,Koalas,2621,Gympie Regional Council,GRC
152.8108063,-26.10599136,Phascolarctos cinereus,2097501,21/11/2022,21/11/2022,1811057,INCIDENTAL,Not recorded,5,17619,Koalas,2621,Gympie Regional Council,GRC
152.6889038,-26.38245583,Phascolarctos cinereus,2097502,25/11/2022,25/11/2022,1811058,INCIDENTAL,Not recorded,10,17619,Koalas,2621,Gympie Regional Council,GRC
152.710846,-26.39837456,Phascolarctos cinereus,2097503,25/11/2022,25/11/2022,1811059,INCIDENTAL,Not recorded,10,17619,Koalas,2621,Gympie Regional Council,GRC
152.4400024,-26.1928215,Phascolarctos cinereus,2097504,27/11/2022,27/11/2022,1811060,INCIDENTAL,Not recorded,5,17619,Koalas,2621,Gympie Regional Council,GRC
152.7820129,-26.14950371,Phascolarctos cinereus,2097505,27/11/2022,27/11/2022,1811061,INCIDENTAL,Not recorded,10,17619,Koalas,2621,Gympie Regional Council,GRC
152.7813721,-26.0747776,Phascolarctos cinereus,2097506,14/10/2022,14/10/2022,1811062,INCIDENTAL,Not recorded,10,17619,Koalas,2621,Gympie Regional Council,GRC
152.1833,-27.53118,Phascolarctos cinereus,2095994,18/6/2022,18/6/2022,1733866,INCIDENTAL,"Grantham, QLD, 8km SW of Vinegar Hill, Southeast Queensland",10,14841,Lockyer Community Action Group records,3163,Lockyer Community Action Inc.,LCA
152.1833,-27.53118,Phascolarctos cinereus,2095995,15/8/2022,15/8/2022,1733866,INCIDENTAL,"Grantham, QLD, 8km SW of Vinegar Hill, Southeast Queensland",10,14841,Lockyer Community Action Group records,3163,Lockyer Community Action Inc.,LCA
152.1833,-27.53118,Phascolarctos cinereus,2095996,27/8/2022,27/8/2022,1733866,INCIDENTAL,"Grantham, QLD, 8km SW of Vinegar Hill, Southeast Queensland",10,14841,Lockyer Community Action Group records,3163,Lockyer Community Action Inc.,LCA
152.1833,-27.53118,Phascolarctos cinereus,2095997,1/9/2022,1/9/2022,1733866,INCIDENTAL,"Grantham, QLD, 8km SW of Vinegar Hill, Southeast Queensland",10,14841,Lockyer Community Action Group records,3163,Lockyer Community Action Inc.,LCA
152.1833,-27.53118,Phascolarctos cinereus,2095998,15/9/2022,15/9/2022,1733866,INCIDENTAL,"Grantham, QLD, 8km SW of Vinegar Hill, Southeast Queensland",10,14841,Lockyer Community Action Group records,3163,Lockyer Community Action Inc.,LCA
152.1833,-27.53118,Phascolarctos cinereus,2095999,19/9/2022,19/9/2022,1733866,INCIDENTAL,"Grantham, QLD, 8km SW of Vinegar Hill, Southeast Queensland",10,14841,Lockyer Community Action Group records,3163,Lockyer Community Action Inc.,LCA
152.1833,-27.53118,Phascolarctos cinereus,2095999,19/9/2022,19/9/2022,1733866,INCIDENTAL,"Grantham, QLD, 8km SW of Vinegar Hill, Southeast Queensland",10,14841,Lockyer Community Action Group records,3163,Lockyer Community Action Inc.,LCA
152.1833,-27.53118,Phascolarctos cinereus,2096000,29/9/2022,29/9/2022,1733866,INCIDENTAL,"Grantham, QLD, 8km SW of Vinegar Hill, Southeast Queensland",10,14841,Lockyer Community Action Group records,3163,Lockyer Community Action Inc.,LCA
152.1833,-27.53118,Phascolarctos cinereus,2096001,1/10/2022,1/10/2022,1733866,INCIDENTAL,"Grantham, QLD, 8km SW of Vinegar Hill, Southeast Queensland",10,14841,Lockyer Community Action Group records,3163,Lockyer Community Action Inc.,LCA
152.1833,-27.53118,Phascolarctos cinereus,2096002,6/10/2022,6/10/2022,1733866,INCIDENTAL,"Grantham, QLD, 8km SW of Vinegar Hill, Southeast Queensland",10,14841,Lockyer Community Action Group records,3163,Lockyer Community Action Inc.,LCA
152.160717,-27.546956,Phascolarctos cinereus,2096003,12/10/2022,12/10/2022,1809825,INCIDENTAL,"Helidon, QLD, 11.4km S of Mt Cross, Southeast Queensland",10,14841,Lockyer Community Action Group records,3163,Lockyer Community Action Inc.,LCA
152.1833,-27.53118,Phascolarctos cinereus,2096004,13/10/2022,13/10/2022,1733866,INCIDENTAL,"Grantham, QLD, 8km SW of Vinegar Hill, Southeast Queensland",10,14841,Lockyer Community Action Group records,3163,Lockyer Community Action Inc.,LCA
152.18901,-27.456754,Phascolarctos cinereus,2095968,10/7/2022,10/7/2022,1809803,INCIDENTAL,"Seventeen Mile, QLD, 2.7km SE of Mt Cross, Southeast Queensland",10,14841,Lockyer Community Action Group records,3163,Lockyer Community Action Inc.,LCA
152.18223,-27.546753,Phascolarctos cinereus,2095970,30/7/2022,30/7/2022,1809805,INCIDENTAL,"Grantham, QLD, 6.5km N of Evans Hill, Southeast Queensland",20,14841,Lockyer Community Action Group records,3163,Lockyer Community Action Inc.,LCA
152.238075,-27.495591,Phascolarctos cinereus,2095971,20/3/2022,20/3/2022,1809806,INCIDENTAL,"Vinegar Hill, QLD, 2.1km S of Vinegar Hill, Southeast Queensland",10,14841,Lockyer Community Action Group records,3163,Lockyer Community Action Inc.,LCA
152.18901,-27.45674,Phascolarctos cinereus,2095972,10/7/2022,10/7/2022,1809807,INCIDENTAL,"Seventeen Mile, QLD, 2.7km SE of Mt Cross, Southeast Queensland",10,14841,Lockyer Community Action Group records,3163,Lockyer Community Action Inc.,LCA
152.194865,-27.454292,Phascolarctos cinereus,2095973,14/8/2022,14/8/2022,1809808,INCIDENTAL,"Seventeen Mile, QLD, 3km ESE of Mt Cross, Southeast Queensland",10,14841,Lockyer Community Action Group records,3163,Lockyer Community Action Inc.,LCA
152.196221,-27.454407,Phascolarctos cinereus,2095974,14/8/2022,14/8/2022,1809809,INCIDENTAL,"Seventeen Mile, QLD, 3km ESE of Mt Cross, Southeast Queensland",10,14841,Lockyer Community Action Group records,3163,Lockyer Community Action Inc.,LCA
152.246161,-27.496275,Phascolarctos cinereus,2095975,22/8/2022,22/8/2022,1809810,INCIDENTAL,"Vinegar Hill, QLD, 10km W of Lake Clarendon, Southeast Queensland",10,14841,Lockyer Community Action Group records,3163,Lockyer Community Action Inc.,LCA
152.157745,-27.514559,Phascolarctos cinereus,2095976,1/10/2022,1/10/2022,1809811,INCIDENTAL,"Helidon, QLD, 7.9km S of Mt Cross, Southeast Queensland",10,14841,Lockyer Community Action Group records,3163,Lockyer Community Action Inc.,LCA
152.153226,-27.514409,Phascolarctos cinereus,2095977,1/10/2022,1/10/2022,1809812,INCIDENTAL,"Helidon, QLD, 7.9km S of Mt Cross, Southeast Queensland",10,14841,Lockyer Community Action Group records,3163,Lockyer Community Action Inc.,LCA
152.146592,-27.509763,Phascolarctos cinereus,2095978,1/10/2022,1/10/2022,1809813,INCIDENTAL,"Helidon, QLD, 7.8km S of Mt Cross, Southeast Queensland",10,14841,Lockyer Community Action Group records,3163,Lockyer Community Action Inc.,LCA
152.145431,-27.509882,Phascolarctos cinereus,2095979,1/10/2022,1/10/2022,1809814,INCIDENTAL,"Helidon, QLD, 7.8km S of Mt Cross, Southeast Queensland",10,14841,Lockyer Community Action Group records,3163,Lockyer Community Action Inc.,LCA
152.147261,-27.509969,Phascolarctos cinereus,2095980,1/10/2022,1/10/2022,1809815,INCIDENTAL,"Helidon, QLD, 7.8km S of Mt Cross, Southeast Queensland",10,14841,Lockyer Community Action Group records,3163,Lockyer Community Action Inc.,LCA
152.15245,-27.4909,Phascolarctos cinereus,2095981,1/10/2022,1/10/2022,1809816,INCIDENTAL,"Helidon, QLD, 5.4km S of Mt Cross, Southeast Queensland",10,14841,Lockyer Community Action Group records,3163,Lockyer Community Action Inc.,LCA
152.16237,-27.49504,Phascolarctos cinereus,2095982,12/11/2022,12/11/2022,1809817,INCIDENTAL,"Helidon, QLD, 5.7km S of Mt Cross, Southeast Queensland",10,14841,Lockyer Community Action Group records,3163,Lockyer Community Action Inc.,LCA
152.16264,-27.49783,Phascolarctos cinereus,2095983,12/11/2022,12/11/2022,1809818,INCIDENTAL,"Helidon, QLD, 6km S of Mt Cross, Southeast Queensland",10,14841,Lockyer Community Action Group records,3163,Lockyer Community Action Inc.,LCA
152.16197,-27.49988,Phascolarctos cinereus,2095984,12/11/2022,12/11/2022,1809819,INCIDENTAL,"Vinegar Hill, QLD, 6.2km S of Mt Cross, Southeast Queensland",10,14841,Lockyer Community Action Group records,3163,Lockyer Community Action Inc.,LCA
152.1618,-27.50038,Phascolarctos cinereus,2095985,12/11/2022,12/11/2022,1809820,INCIDENTAL,"Vinegar Hill, QLD, 6.2km S of Mt Cross, Southeast Queensland",10,14841,Lockyer Community Action Group records,3163,Lockyer Community Action Inc.,LCA
152.16183,-27.50045,Phascolarctos cinereus,2095986,12/11/2022,12/11/2022,1809821,INCIDENTAL,"Vinegar Hill, QLD, 6.2km S of Mt Cross, Southeast Queensland",10,14841,Lockyer Community Action Group records,3163,Lockyer Community Action Inc.,LCA
152.16219,-27.50071,Phascolarctos cinereus,2095987,12/11/2022,12/11/2022,1809822,INCIDENTAL,"Vinegar Hill, QLD, 6.2km S of Mt Cross, Southeast Queensland",10,14841,Lockyer Community Action Group records,3163,Lockyer Community Action Inc.,LCA
152.16144,-27.50254,Phascolarctos cinereus,2095988,12/11/2022,12/11/2022,1809823,INCIDENTAL,"Vinegar Hill, QLD, 6.7km S of Mt Cross, Southeast Queensland",10,14841,Lockyer Community Action Group records,3163,Lockyer Community Action Inc.,LCA
152.15904,-27.50403,Phascolarctos cinereus,2095989,12/11/2022,12/11/2022,1809824,INCIDENTAL,"Vinegar Hill, QLD, 6.7km S of Mt Cross, Southeast Queensland",10,14841,Lockyer Community Action Group records,3163,Lockyer Community Action Inc.,LCA
152.1833,-27.53118,Phascolarctos cinereus,2095990,21/4/2022,21/4/2022,1733866,INCIDENTAL,"Grantham, QLD, 8km SW of Vinegar Hill, Southeast Queensland",10,14841,Lockyer Community Action Group records,3163,Lockyer Community Action Inc.,LCA
152.1833,-27.53118,Phascolarctos cinereus,2095991,24/5/2022,24/5/2022,1733866,INCIDENTAL,"Grantham, QLD, 8km SW of Vinegar Hill, Southeast Queensland",10,14841,Lockyer Community Action Group records,3163,Lockyer Community Action Inc.,LCA
152.1833,-27.53118,Phascolarctos cinereus,2095992,29/5/2022,29/5/2022,1733866,INCIDENTAL,"Grantham, QLD, 8km SW of Vinegar Hill, Southeast Queensland",10,14841,Lockyer Community Action Group records,3163,Lockyer Community Action Inc.,LCA
152.1833,-27.53118,Phascolarctos cinereus,2095993,10/6/2022,10/6/2022,1733866,INCIDENTAL,"Grantham, QLD, 8km SW of Vinegar Hill, Southeast Queensland",10,14841,Lockyer Community Action Group records,3163,Lockyer Community Action Inc.,LCA
152.130165,-26.869956,Phascolarctos cinereus,2116638,31/8/2022,,1824056,INCIDENTAL,"360 Crumpton Rd, Blackbutt, SEQ",150,103,WildNet Incidental Records,3461,"Department of Environment, Science and Innovation",DES
148.47442,-21.41049,Phascolarctos cinereus,2123776,15/11/2022,15/11/2022,1829072,INCIDENTAL,Homevale NP,150,103,WildNet Incidental Records,3461,"Department of Environment, Science and Innovation",DES
144.86238,-18.08945,Phascolarctos cinereus,2073065,14/3/2022,,1792164,INCIDENTAL,"Forty Mile Scrub National Park, Lemon Scented Track",10,16539,Ian Holloway Incidental Records,3461,"Department of Environment, Science and Innovation",DES
152.460553,-27.171109,Phascolarctos cinereus,2073069,27/5/2022,27/5/2022,1792168,INCIDENTAL,"Esk-Kilcoy Rd, Meyers Gully Bridge, SEQ",20,103,WildNet Incidental Records,3461,"Department of Environment, Science and Innovation",DES
152.64991,-25.62269,Phascolarctos cinereus,2073070,17/5/2022,,1792169,INCIDENTAL,"152 Philip Dr, Teddington, Maryborough",50,103,WildNet Incidental Records,3461,"Department of Environment, Science and Innovation",DES
145.744327,-18.824729,Phascolarctos cinereus,2074360,25/3/2022,25/3/2022,1793655,INCIDENTAL,5km W of Mt Fox,20,103,WildNet Incidental Records,3461,"Department of Environment, Science and Innovation",DES
152.22909,-24.67405,Phascolarctos cinereus,2075548,6/1/2022,,1792771,INCIDENTAL,"Moore Park Beach, NNW of Bundaberg",50,103,WildNet Incidental Records,3461,"Department of Environment, Science and Innovation",DES
153.1544,-27.61941,Phascolarctos cinereus,2074850,19/7/2022,19/7/2022,1793813,INCIDENTAL,"Daisy Hill Conservation Park, Near Tree Discovery Trail",1,103,WildNet Incidental Records,3461,"Department of Environment, Science and Innovation",DES
152.4253982,-27.23853318,Phascolarctos cinereus,2075137,13/8/2022,13/8/2022,1794263,INCIDENTAL,"Sandy Creek, 705m SSW of Mt Glen Rock, South-east Queensland",2,103,WildNet Incidental Records,3461,"Department of Environment, Science and Innovation",DES
152.4234098,-27.23436308,Phascolarctos cinereus,2075138,2/7/2022,2/7/2022,1794264,INCIDENTAL,"Esk, 479m SW of Mt Glen Rock, South-east Queensland",2,103,WildNet Incidental Records,3461,"Department of Environment, Science and Innovation",DES
152.4235453,-27.2355102,Phascolarctos cinereus,2075139,5/8/2022,5/8/2022,1794265,INCIDENTAL,"Sandy Creek, 536m SW of Mt Glen Rock, South-east Queensland",2,103,WildNet Incidental Records,3461,"Department of Environment, Science and Innovation",DES
152.4247711,-27.29758265,Phascolarctos cinereus,2075140,8/5/2022,8/5/2022,1794266,INCIDENTAL,"Esk, 7.2km S of Mt Glen Rock, South-east Queensland",2,103,WildNet Incidental Records,3461,"Department of Environment, Science and Innovation",DES
152.4291723,-27.24118479,Phascolarctos cinereus,2075141,19/8/2022,19/8/2022,1794267,INCIDENTAL,"Esk, 883m S of Mt Glen Rock, South-east Queensland",8,103,WildNet Incidental Records,3461,"Department of Environment, Science and Innovation",DES
152.4290716,-27.24112119,Phascolarctos cinereus,2075142,19/8/2022,19/8/2022,1794268,INCIDENTAL,"Esk, 890m S of Mt Glen Rock, South-east Queensland",8,103,WildNet Incidental Records,3461,"Department of Environment, Science and Innovation",DES
152.4317665,-27.24240995,Phascolarctos cinereus,2101390,27/8/2022,27/8/2022,1814785,INCIDENTAL,"Esk, 1.166km SSW of Mt Glen Rock, South-east Queensland",5,103,WildNet Incidental Records,3461,"Department of Environment, Science and Innovation",DES
152.4311132,-27.24226865,Phascolarctos cinereus,2101391,27/8/2022,27/8/2022,1814786,INCIDENTAL,"Esk, 1.130km SSW of Mt Glen Rock, South-east Queensland",15,103,WildNet Incidental Records,3461,"Department of Environment, Science and Innovation",DES
152.4319795,-27.24283854,Phascolarctos cinereus,2101392,27/8/2022,27/8/2022,1814787,INCIDENTAL,"Esk, 1.218km SSW of Mt Glen Rock, South-east Queensland",5,103,WildNet Incidental Records,3461,"Department of Environment, Science and Innovation",DES
152.4319831,-27.24322398,Phascolarctos cinereus,2101393,27/8/2022,27/8/2022,1814788,INCIDENTAL,"Esk, 1.258km SSW of Mt Glen Rock, South-east Queensland",5,103,WildNet Incidental Records,3461,"Department of Environment, Science and Innovation",DES
152.4327595,-27.24319662,Phascolarctos cinereus,2101395,27/8/2022,27/8/2022,1814790,INCIDENTAL,"Esk, 1.283km SSW of Mt Glen Rock, South-east Queensland",5,103,WildNet Incidental Records,3461,"Department of Environment, Science and Innovation",DES
152.4329177,-27.24310045,Phascolarctos cinereus,2101396,27/8/2022,27/8/2022,1814791,INCIDENTAL,"Esk, 1.279km SSW of Mt Glen Rock, South-east Queensland",5,103,WildNet Incidental Records,3461,"Department of Environment, Science and Innovation",DES
152.433186,-27.24276503,Phascolarctos cinereus,2101397,27/8/2022,27/8/2022,1814792,INCIDENTAL,"Esk, 1.256km SSW of Mt Glen Rock, South-east Queensland",5,103,WildNet Incidental Records,3461,"Department of Environment, Science and Innovation",DES
152.433729,-27.24324598,Phascolarctos cinereus,2101425,27/8/2022,27/8/2022,1814796,INCIDENTAL,"Esk, 1.328km SSW of Mt Glen Rock, South-east Queensland",5,103,WildNet Incidental Records,3461,"Department of Environment, Science and Innovation",DES
152.4339024,-27.24414892,Phascolarctos cinereus,2101429,10/9/2022,10/9/2022,1814800,INCIDENTAL,"Esk, 1.425km SSW of Mt Glen Rock, South-east Queensland",5,103,WildNet Incidental Records,3461,"Department of Environment, Science and Innovation",DES
152.4340592,-27.2440767,Phascolarctos cinereus,2101430,10/9/2022,10/9/2022,1814801,INCIDENTAL,"Esk, 1.425km SSW of Mt Glen Rock, South-east Queensland",5,103,WildNet Incidental Records,3461,"Department of Environment, Science and Innovation",DES
144.974973,-21.362665,Phascolarctos cinereus,2101271,6/12/2022,7/12/2022,1814961,INCIDENTAL,Moorrinya N.P. 90km South Of Torrens Ck State route 18,500,103,WildNet Incidental Records,3461,"Department of Environment, Science and Innovation",DES
152.4235799,-27.23551562,Phascolarctos cinereus,2101413,18/11/2022,18/11/2022,1814751,INCIDENTAL,"Esk, 532m SW of Mt Glen Rock, South-east Queensland",5,103,WildNet Incidental Records,3461,"Department of Environment, Science and Innovation",DES
152.4217829,-27.23452662,Phascolarctos cinereus,2101414,17/11/2022,17/11/2022,1814752,INCIDENTAL,"Esk, 634m WSW of Mt Glen Rock, South-east Queensland",5,103,WildNet Incidental Records,3461,"Department of Environment, Science and Innovation",DES
152.4253779,-27.23861262,Phascolarctos cinereus,2101415,5/11/2022,5/11/2022,1814753,INCIDENTAL,"Esk, 716m SSW of Mt Glen Rock, South-east Queensland",5,103,WildNet Incidental Records,3461,"Department of Environment, Science and Innovation",DES
152.434176,-27.23224834,Phascolarctos cinereus,2101417,14/10/2022,14/10/2022,1814755,INCIDENTAL,"Esk, 635m E of Mt Glen Rock, South-east Queensland",5,103,WildNet Incidental Records,3461,"Department of Environment, Science and Innovation",DES
152.4342318,-27.23218565,Phascolarctos cinereus,2101418,14/10/2022,14/10/2022,1814756,INCIDENTAL,"Esk, 640m E of Mt Glen Rock, South-east Queensland",5,103,WildNet Incidental Records,3461,"Department of Environment, Science and Innovation",DES
152.4295514,-27.23972971,Phascolarctos cinereus,2101423,9/8/2022,9/8/2022,1814770,INCIDENTAL,"Esk, 819m SSW of Mt Glen Rock, South-east Queensland",5,103,WildNet Incidental Records,3461,"Department of Environment, Science and Innovation",DES
152.4292236,-27.24130917,Phascolarctos cinereus,2101424,19/8/2022,19/8/2022,1814771,INCIDENTAL,"Esk, 985m SSW of Mt Glen Rock, South-east Queensland",5,103,WildNet Incidental Records,3461,"Department of Environment, Science and Innovation",DES
152.4291227,-27.24111253,Phascolarctos cinereus,2101377,19/8/2022,19/8/2022,1814772,INCIDENTAL,"Esk, 962m SSW of Mt Glen Rock, South-east Queensland",5,103,WildNet Incidental Records,3461,"Department of Environment, Science and Innovation",DES
152.4290103,-27.24112082,Phascolarctos cinereus,2101378,19/8/2022,19/8/2022,1814773,INCIDENTAL,"Esk, 962m SSW of Mt Glen Rock, South-east Queensland",5,103,WildNet Incidental Records,3461,"Department of Environment, Science and Innovation",DES
152.428378,-27.24046426,Phascolarctos cinereus,2101379,19/8/2022,19/8/2022,1814774,INCIDENTAL,"Esk, 883m S of Mt Glen Rock, South-east Queensland",5,103,WildNet Incidental Records,3461,"Department of Environment, Science and Innovation",DES
152.4292451,-27.24078108,Phascolarctos cinereus,2101380,27/8/2022,27/8/2022,1814775,INCIDENTAL,"Esk, 928m SSW of Mt Glen Rock, South-east Queensland",5,103,WildNet Incidental Records,3461,"Department of Environment, Science and Innovation",DES
152.4288211,-27.24059967,Phascolarctos cinereus,2101381,27/8/2022,27/8/2022,1814776,INCIDENTAL,"Esk, 902m S of Mt Glen Rock, South-east Queensland",10,103,WildNet Incidental Records,3461,"Department of Environment, Science and Innovation",DES
152.4300346,-27.24102214,Phascolarctos cinereus,2101383,27/8/2022,27/8/2022,1814778,INCIDENTAL,"Esk, 969m SSW of Mt Glen Rock, South-east Queensland",10,103,WildNet Incidental Records,3461,"Department of Environment, Science and Innovation",DES
152.4315106,-27.24201354,Phascolarctos cinereus,2101384,27/8/2022,27/8/2022,1814779,INCIDENTAL,"Esk, 1.116km SSW of Mt Glen Rock, ESouth-east Queenslandsk",5,103,WildNet Incidental Records,3461,"Department of Environment, Science and Innovation",DES
152.4318714,-27.24228293,Phascolarctos cinereus,2101387,27/8/2022,27/8/2022,1814782,INCIDENTAL,"Esk, 1.156km SSW of Mt Glen Rock, South-east Queensland",5,103,WildNet Incidental Records,3461,"Department of Environment, Science and Innovation",DES
152.43195,-27.24226573,Phascolarctos cinereus,2101388,27/8/2022,27/8/2022,1814783,INCIDENTAL,"Esk, 1.157km SSW of Mt Glen Rock, South-east Queensland",10,103,WildNet Incidental Records,3461,"Department of Environment, Science and Innovation",DES
145.750642,-18.836973,Phascolarctos cinereus,2096193,14/10/2022,16/10/2022,1809858,INCIDENTAL,"Spring Ck, 5.75 km direct line W of Mt Fox",20,103,WildNet Incidental Records,3461,"Department of Environment, Science and Innovation",DES
152.88849,-27.64711,Phascolarctos cinereus,2096198,7/11/2022,,1809863,INCIDENTAL,"Bushland between Brookwater and Bellbird Park, Bellbird Park",100,103,WildNet Incidental Records,3461,"Department of Environment, Science and Innovation",DES
152.9015,-27.62027,Phascolarctos cinereus,2096199,9/11/2022,,1809864,INCIDENTAL,"Ric Nattrass Park, bushland in Goodna",100,103,WildNet Incidental Records,3461,"Department of Environment, Science and Innovation",DES
152.04255,-27.64962,Phascolarctos cinereus,2074122,20/8/2022,20/8/2022,1792989,INCIDENTAL,"Scanlans Road, Stockyard",50,17081,Koala Project,3721,Lockyer Uplands Catchments Inc,LUCI
152.044955,-27.649397,Phascolarctos cinereus,2074123,20/8/2022,20/8/2022,1792990,INCIDENTAL,"Scanlans Road, Stockyard",50,17081,Koala Project,3721,Lockyer Uplands Catchments Inc,LUCI
152.045805,-27.649824,Phascolarctos cinereus,2074124,21/8/2022,21/8/2022,1792991,INCIDENTAL,"Scanlans Road, Stockyard",50,17081,Koala Project,3721,Lockyer Uplands Catchments Inc,LUCI
152.082083,-27.701139,Phascolarctos cinereus,2074125,24/8/2022,24/8/2022,1792992,INCIDENTAL,"Dwyers Scrub Conservation Park, Fordsdale",50,17081,Koala Project,3721,Lockyer Uplands Catchments Inc,LUCI
152.08258,-27.70157,Phascolarctos cinereus,2074126,24/8/2022,24/8/2022,1792993,INCIDENTAL,"Dwyers Scrub Conservation Park, Fordsdale",50,17081,Koala Project,3721,Lockyer Uplands Catchments Inc,LUCI
152.08463,-27.69736,Phascolarctos cinereus,2074127,31/8/2022,31/8/2022,1792994,INCIDENTAL,"Dwyers Scrub Conservation Park, Fordsdale",50,17081,Koala Project,3721,Lockyer Uplands Catchments Inc,LUCI
152.091003,-27.678638,Phascolarctos cinereus,2074130,1/10/2022,1/10/2022,1792997,INCIDENTAL,"East Egypt Road, Mount Whitestone",50,17081,Koala Project,3721,Lockyer Uplands Catchments Inc,LUCI
152.102483,-27.568747,Phascolarctos cinereus,2074131,8/10/2022,8/10/2022,1792998,INCIDENTAL,"Spa Water Road, Iredale",50,17081,Koala Project,3721,Lockyer Uplands Catchments Inc,LUCI
151.99609,-27.567097,Phascolarctos cinereus,2074132,9/10/2022,9/10/2022,1792999,INCIDENTAL,"Outside Redwood Park, Warrego Highway",50,17081,Koala Project,3721,Lockyer Uplands Catchments Inc,LUCI
152.103011,-27.570395,Phascolarctos cinereus,2074411,11/1/2022,11/1/2022,1793288,INCIDENTAL,"Spa Water Road, Iredale",50,17081,Koala Project,3721,Lockyer Uplands Catchments Inc,LUCI
152.110336,-27.566487,Phascolarctos cinereus,2074412,11/1/2022,11/1/2022,1793289,INCIDENTAL,"Spa Water Road, Iredale",50,17081,Koala Project,3721,Lockyer Uplands Catchments Inc,LUCI
152.319263,-27.738221,Phascolarctos cinereus,2074413,17/1/2022,17/1/2022,1793290,INCIDENTAL,"Mount Berryman Road, Mount Berryman",50,17081,Koala Project,3721,Lockyer Uplands Catchments Inc,LUCI
152.103011,-27.570395,Phascolarctos cinereus,2074411,11/1/2022,11/1/2022,1793288,INCIDENTAL,"Spa Water Road, Iredale",50,17081,Koala Project,3721,Lockyer Uplands Catchments Inc,LUCI
152.110336,-27.566487,Phascolarctos cinereus,2074412,11/1/2022,11/1/2022,1793289,INCIDENTAL,"Spa Water Road, Iredale",50,17081,Koala Project,3721,Lockyer Uplands Catchments Inc,LUCI
151.985308,-27.638947,Phascolarctos cinereus,2074431,6/2/2022,6/2/2022,1793443,INCIDENTAL,"Gormans Gap, Preston",50,17081,Koala Project,3721,Lockyer Uplands Catchments Inc,LUCI
151.687862,-26.358067,Phascolarctos cinereus,2074583,21/2/2022,21/2/2022,1793603,INCIDENTAL,"McKenzie and Andersons Roads, Wilkesdale",50,17081,Koala Project,3721,Lockyer Uplands Catchments Inc,LUCI
152.108094,-27.564025,Phascolarctos cinereus,2074584,19/3/2022,19/3/2022,1793604,INCIDENTAL,"Spa Water Road, Iredale",50,17081,Koala Project,3721,Lockyer Uplands Catchments Inc,LUCI
152.106567,-27.561695,Phascolarctos cinereus,2074585,3/5/2022,3/5/2022,1793605,INCIDENTAL,"Spa Water Road, Iredale",50,17081,Koala Project,3721,Lockyer Uplands Catchments Inc,LUCI
152.008514,-27.683158,Phascolarctos cinereus,2074586,1/6/2022,1/6/2022,1793606,INCIDENTAL,"Rockmount Road, Rockmount",50,17081,Koala Project,3721,Lockyer Uplands Catchments Inc,LUCI
152.035778,-27.531583,Phascolarctos cinereus,2074587,17/7/2022,17/7/2022,1793607,INCIDENTAL,"Wallaces Road, Murphys Creek",50,17081,Koala Project,3721,Lockyer Uplands Catchments Inc,LUCI
152.313263,-27.444683,Phascolarctos cinereus,2074588,31/7/2022,31/7/2022,1793608,INCIDENTAL,"Spring Creek, Adare",50,17081,Koala Project,3721,Lockyer Uplands Catchments Inc,LUCI
152.338328,-27.445449,Phascolarctos cinereus,2074115,15/8/2022,15/8/2022,1792982,INCIDENTAL,"1277 Gatton Esk Road, Spring Creek",50,17081,Koala Project,3721,Lockyer Uplands Catchments Inc,LUCI
151.9693169,-27.6421745,Phascolarctos cinereus,2074116,19/8/2022,19/8/2022,1792983,INCIDENTAL,"RM Williams Park, Preston",50,17081,Koala Project,3721,Lockyer Uplands Catchments Inc,LUCI
152.337355,-27.44627,Phascolarctos cinereus,2074117,17/9/2022,17/9/2022,1792984,INCIDENTAL,"1277 Gatton Esk Road, Spring Creek",50,17081,Koala Project,3721,Lockyer Uplands Catchments Inc,LUCI
152.3957,-27.33202,Phascolarctos cinereus,2074118,18/9/2022,18/9/2022,1792985,INCIDENTAL,"Gatton Esk Road near Edinburg Drive, Mt Hallen",50,17081,Koala Project,3721,Lockyer Uplands Catchments Inc,LUCI
152.017543,-27.658964,Phascolarctos cinereus,2074121,7/5/2022,7/5/2022,1792988,INCIDENTAL,"Hell Hole Creek Road, Rockmount",50,17081,Koala Project,3721,Lockyer Uplands Catchments Inc,LUCI
152.421357,-27.578403,Phascolarctos cinereus,2101243,28/10/2022,28/10/2022,1814933,INCIDENTAL,"Hooper Road, Plainland",50,17081,Koala Project,3721,Lockyer Uplands Catchments Inc,LUCI
152.421357,-27.578403,Phascolarctos cinereus,2101245,28/10/2022,28/10/2022,1814935,INCIDENTAL,"End of Hooper Road, Plainland",50,17081,Koala Project,3721,Lockyer Uplands Catchments Inc,LUCI
152.479498,-27.529614,Phascolarctos cinereus,2101246,4/11/2022,4/11/2022,1814936,INCIDENTAL,"8 Cambridge Place, Kensington Grove",50,17081,Koala Project,3721,Lockyer Uplands Catchments Inc,LUCI
151.982059,-27.57125,Phascolarctos cinereus,2101247,4/11/2022,4/11/2022,1814937,INCIDENTAL,"Toowoomba Scenic Road Stop, Toowoomba",50,17081,Koala Project,3721,Lockyer Uplands Catchments Inc,LUCI
152.387622,-27.582292,Phascolarctos cinereus,2101248,18/10/2022,18/10/2022,1814938,INCIDENTAL,"Waddington Parade, Forest Hill",50,17081,Koala Project,3721,Lockyer Uplands Catchments Inc,LUCI
152.052636,-27.444572,Phascolarctos cinereus,2101249,4/10/2022,4/10/2022,1814939,INCIDENTAL,"274 Penderests Road, Murphys Creek",50,17081,Koala Project,3721,Lockyer Uplands Catchments Inc,LUCI
152.108139,-27.564028,Phascolarctos cinereus,2101250,9/11/2022,9/11/2022,1814940,INCIDENTAL,"Spa Water Road, Iredale",50,17081,Koala Project,3721,Lockyer Uplands Catchments Inc,LUCI
152.108139,-27.564028,Phascolarctos cinereus,2101250,9/11/2022,9/11/2022,1814940,INCIDENTAL,"Spa Water Road, Iredale",50,17081,Koala Project,3721,Lockyer Uplands Catchments Inc,LUCI
152.938499,-28.186342,Phascolarctos cinereus,2101251,17/11/2022,17/11/2022,1814941,INCIDENTAL,"473 Oaky Creek Rd, Oaky Creek, Qld 4285",50,17081,Koala Project,3721,Lockyer Uplands Catchments Inc,LUCI
152.332963,-27.532748,Phascolarctos cinereus,2101252,20/11/2022,20/11/2022,1814942,INCIDENTAL,"Lake Clarendon Way, Clarendon",50,17081,Koala Project,3721,Lockyer Uplands Catchments Inc,LUCI
152.456168,-27.504764,Phascolarctos cinereus,2101253,20/11/2022,20/11/2022,1814943,INCIDENTAL,"80 Brightview Road, Brightview.",50,17081,Koala Project,3721,Lockyer Uplands Catchments Inc,LUCI
152.348503,-27.544409,Phascolarctos cinereus,2101254,1/10/2022,1/10/2022,1814944,INCIDENTAL,Warrego Highway between Qualipack and McDonalds,50,17081,Koala Project,3721,Lockyer Uplands Catchments Inc,LUCI
152.689249,-27.992924,Phascolarctos cinereus,2101255,7/11/2022,7/11/2022,1814945,INCIDENTAL,"44 Macquarie Street, Boonah",50,17081,Koala Project,3721,Lockyer Uplands Catchments Inc,LUCI
152.47914,-27.529986,Phascolarctos cinereus,2101256,22/11/2022,22/11/2022,1814946,INCIDENTAL,"Cambridge Place, Kensington Grove",50,17081,Koala Project,3721,Lockyer Uplands Catchments Inc,LUCI
152.2852994,-27.5519756,Phascolarctos cinereus,2101257,5/10/2022,5/10/2022,1814947,INCIDENTAL,"25 Skinner St, Gatton",50,17081,Koala Project,3721,Lockyer Uplands Catchments Inc,LUCI
152.321371,-27.46565,Phascolarctos cinereus,2101258,7/10/2022,7/10/2022,1814948,INCIDENTAL,"Kruger Road, Spring Creek",50,17081,Koala Project,3721,Lockyer Uplands Catchments Inc,LUCI
152.540161,-27.415078,Phascolarctos cinereus,2101259,21/11/2022,21/11/2022,1814949,INCIDENTAL,"Lockyer Creek, Mahon Road, Coominya",50,17081,Koala Project,3721,Lockyer Uplands Catchments Inc,LUCI
151.975945,-27.646132,Phascolarctos cinereus,2101260,7/11/2022,7/11/2022,1814950,INCIDENTAL,"Preston Boundary Road, Preston",50,17081,Koala Project,3721,Lockyer Uplands Catchments Inc,LUCI
152.45804,-27.50847,Phascolarctos cinereus,2101261,5/12/2022,5/12/2022,1814951,INCIDENTAL,"5 Tallowood Court, Brightview",50,17081,Koala Project,3721,Lockyer Uplands Catchments Inc,LUCI
152.046111,-27.638889,Phascolarctos cinereus,2101262,19/12/2022,19/12/2022,1814952,INCIDENTAL,"Sutcliffes Road, Flagstone Creek",100,17081,Koala Project,3721,Lockyer Uplands Catchments Inc,LUCI
152.318557,-27.505389,Phascolarctos cinereus,2101263,16/12/2022,16/12/2022,1814953,INCIDENTAL,"Tallaringa Drive, Adare",50,17081,Koala Project,3721,Lockyer Uplands Catchments Inc,LUCI
152.010005,-27.557151,Phascolarctos cinereus,2101264,16/12/2022,16/12/2022,1814954,INCIDENTAL,"796 Toowoomba Connection Road, Withcott",50,17081,Koala Project,3721,Lockyer Uplands Catchments Inc,LUCI
152.011125,-27.557109,Phascolarctos cinereus,2101265,18/12/2022,18/12/2022,1814955,INCIDENTAL,Bottom of Toowoomba range,50,17081,Koala Project,3721,Lockyer Uplands Catchments Inc,LUCI
152.369328,-27.463953,Phascolarctos cinereus,2101266,19/12/2022,19/12/2022,1814956,INCIDENTAL,"Cnr Kelly and Main Green Swamp Roads, Lockyer Waters",50,17081,Koala Project,3721,Lockyer Uplands Catchments Inc,LUCI
152.454475,-27.533247,Phascolarctos cinereus,2101267,23/12/2022,23/12/2022,1814957,INCIDENTAL,"End of Bond Court, Kensington Road",50,17081,Koala Project,3721,Lockyer Uplands Catchments Inc,LUCI
152.382149,-27.084551,Phascolarctos cinereus,2101268,26/12/2022,26/12/2022,1814958,INCIDENTAL,Toogoolawah,50,17081,Koala Project,3721,Lockyer Uplands Catchments Inc,LUCI
152.382181,-27.084312,Phascolarctos cinereus,2101269,26/12/2022,26/12/2022,1814959,INCIDENTAL,Toogoolawah,50,17081,Koala Project,3721,Lockyer Uplands Catchments Inc,LUCI
152.6524681,-27.4469314,Phascolarctos cinereus,2101270,31/12/2022,31/12/2022,1814960,INCIDENTAL,"Poole Road, Fernvale",50,17081,Koala Project,3721,Lockyer Uplands Catchments Inc,LUCI
152.08943,-27.686136,Phascolarctos cinereus,2077494,1/10/2022,1/10/2022,1795385,INCIDENTAL,"East Egypt Road, Mount Whitestone",50,17081,Koala Project,3721,Lockyer Uplands Catchments Inc,LUCI
153.008,-26.382356,Phascolarctos cinereus,2100726,23/5/2022,23/5/2022,1814368,INCIDENTAL,Stephens Street Tewantin,15,17020,Noosa Council miscellaneous wildlife records,54,Noosa Shire Council,
152.8056,-26.4258,Phascolarctos cinereus,2100643,27/5/2022,27/5/2022,1814373,INCIDENTAL,979 Black Mountain Road Federal,50,17020,Noosa Council miscellaneous wildlife records,54,Noosa Shire Council,
152.9189,-26.3024,Phascolarctos cinereus,2100652,22/6/2022,22/6/2022,1814382,INCIDENTAL,417 Cootharaba Road Cootharaba,15,17020,Noosa Council miscellaneous wildlife records,54,Noosa Shire Council,
152.9333202,-26.36487894,Phascolarctos cinereus,2100768,27/11/2022,27/11/2022,1814329,INCIDENTAL,"Little Springs Lane, 110m east of end of lane, Lake Macdonald",15,17020,Noosa Council miscellaneous wildlife records,54,Noosa Shire Council,
152.9333202,-26.36487894,Phascolarctos cinereus,2100768,27/11/2022,27/11/2022,1814329,INCIDENTAL,"Little Springs Lane, 110m east of end of lane, Lake Macdonald",15,17020,Noosa Council miscellaneous wildlife records,54,Noosa Shire Council,
152.8056,-26.4258,Phascolarctos cinereus,2100790,26/8/2022,26/8/2022,1814350,INCIDENTAL,979 Black Mountain Road Federal,100,17019,Noosa Council's Land for Wildlife program wildlife surveys,54,Noosa Shire Council,
152.8056,-26.4258,Phascolarctos cinereus,2100801,10/9/2022,10/9/2022,1814350,INCIDENTAL,979 Black Mountain Road Federal,100,17019,Noosa Council's Land for Wildlife program wildlife surveys,54,Noosa Shire Council,
152.8824,-26.3419,Phascolarctos cinereus,2100802,24/10/2022,24/10/2022,1814361,INCIDENTAL,75 McCabes Road Pomona,100,17019,Noosa Council's Land for Wildlife program wildlife surveys,54,Noosa Shire Council,
152.8056,-26.4258,Phascolarctos cinereus,2100803,28/10/2022,28/10/2022,1814350,INCIDENTAL,979 Black Mountain Road Federal,100,17019,Noosa Council's Land for Wildlife program wildlife surveys,54,Noosa Shire Council,
152.9857,-26.3646,Phascolarctos cinereus,2100804,6/11/2022,6/11/2022,1814362,INCIDENTAL,260 Illoura Place Cooroibah,100,17019,Noosa Council's Land for Wildlife program wildlife surveys,54,Noosa Shire Council,
152.9207,-26.3031,Phascolarctos cinereus,2094744,10/1/2022,10/1/2022,1809066,INCIDENTAL,449 Cootharaba Road Cootharaba,50,17019,Noosa Council's Land for Wildlife program wildlife surveys,54,Noosa Shire Council,
152.8073,-26.426,Phascolarctos cinereus,2094745,5/4/2022,5/4/2022,1809067,INCIDENTAL,34 Padilpa Road Federal,50,17019,Noosa Council's Land for Wildlife program wildlife surveys,54,Noosa Shire Council,
152.8339,-26.4228,Phascolarctos cinereus,2094748,3/5/2022,3/5/2022,1809070,INCIDENTAL,637 Black Mountain Road Black Mountain,50,17019,Noosa Council's Land for Wildlife program wildlife surveys,54,Noosa Shire Council,
153.0176,-26.3767,Phascolarctos cinereus,2094761,1/2/2022,1/2/2022,1809083,INCIDENTAL,Tewantin National Park,200,17020,Noosa Council miscellaneous wildlife records,54,Noosa Shire Council,
152.891,-26.4148,Phascolarctos cinereus,2094762,15/2/2022,15/2/2022,1809084,INCIDENTAL,Tewantin National Park,100,17020,Noosa Council miscellaneous wildlife records,54,Noosa Shire Council,
